{
  "WorkItem": {
    "AffectedComponent": {
      "Name": "",
      "DisplayName": ""
    },
    "ClosedComment": "",
    "ClosedDate": null,
    "CommentCount": 0,
    "Custom": null,
    "Description": "I tried to look at expression in debug time and got error:\n \nSee the end of this message for details on invoking \njust-in-time (JIT) debugging instead of this dialog box.\n \n************** Exception Text **************\nSystem.IO.FileLoadException: Could not load file or assembly 'file:///C:\\Program Files (x86)\\Microsoft Visual Studio 10.0\\Common7\\Packages\\Debugger\\Visualizers\\ExpressionTreeViewer.dll' or one of its dependencies. Operation is not supported. (Exception from HRESULT: 0x80131515)\nFile name: 'file:///C:\\Program Files (x86)\\Microsoft Visual Studio 10.0\\Common7\\Packages\\Debugger\\Visualizers\\ExpressionTreeViewer.dll' ---> System.NotSupportedException: An attempt was made to load an assembly from a network location which would have caused the assembly to be sandboxed in previous versions of the .NET Framework. This release of the .NET Framework does not enable CAS policy by default, so this load may be dangerous. If this load is not intended to sandbox the assembly, please enable the loadFromRemoteSources switch. See http://go.microsoft.com/fwlink/?LinkId=155569 for more information.\n   at System.Reflection.RuntimeAssembly._nLoad(AssemblyName fileName, String codeBase, Evidence assemblySecurity, RuntimeAssembly locationHint, StackCrawlMark& stackMark, Boolean throwOnFileNotFound, Boolean forIntrospection, Boolean suppressSecurityChecks)\n   at System.Reflection.RuntimeAssembly.nLoad(AssemblyName fileName, String codeBase, Evidence assemblySecurity, RuntimeAssembly locationHint, StackCrawlMark& stackMark, Boolean throwOnFileNotFound, Boolean forIntrospection, Boolean suppressSecurityChecks)\n   at System.Reflection.RuntimeAssembly.InternalLoadAssemblyName(AssemblyName assemblyRef, Evidence assemblySecurity, StackCrawlMark& stackMark, Boolean forIntrospection, Boolean suppressSecurityChecks)\n   at System.Reflection.RuntimeAssembly.InternalLoadFrom(String assemblyFile, Evidence securityEvidence, Byte[] hashValue, AssemblyHashAlgorithm hashAlgorithm, Boolean forIntrospection, Boolean suppressSecurityChecks, StackCrawlMark& stackMark)\n   at System.Reflection.Assembly.LoadFrom(String assemblyFile)\n   at Microsoft.VisualStudio.DebuggerVisualizers.DebugViewerShim.ClassAndAssemblySpec.CreateAssembly(Dictionary`2 dictionary, AbstractAssemblyResolver resolver)\n   at Microsoft.VisualStudio.DebuggerVisualizers.DebugViewerShim.ClassAndAssemblySpec.CreateInstanceOrType(Dictionary`2 dictionary, AbstractAssemblyResolver resolver, InstanceOrType instOrType)\n   at Microsoft.VisualStudio.DebuggerVisualizers.DebugViewerShim.ClassAndAssemblySpec.CreateInstance(AssemblyResolver resolver)\n   at Microsoft.VisualStudio.DebuggerVisualizers.DebugViewerShim.ManagedShim.DelegatedHost.CreateViewer(IntPtr hwnd, HostServicesHelper hsh, SafeProxyWrapper proxy)\n \n \n \n \n************** Loaded Assemblies **************\nmscorlib\n    Assembly Version: 4.0.0.0\n    Win32 Version: 4.0.30319.269 (RTMGDR.030319-2600)\n    CodeBase: file:///C:/Windows/Microsoft.NET/Framework/v4.0.30319/mscorlib.dll\n----------------------------------------\nMicrosoft.VisualStudio.Platform.AppDomainManager\n    Assembly Version: 10.0.0.0\n    Win32 Version: 10.0.30319.1\n    CodeBase: file:///C:/Windows/Microsoft.Net/assembly/GAC_MSIL/Microsoft.VisualStudio.Platform.AppDomainManager/v4.0_10.0.0.0__b03f5f7f11d50a3a/Microsoft.VisualStudio.Platform.AppDomainManager.dll\n----------------------------------------\nSystem\n    Assembly Version: 4.0.0.0\n    Win32 Version: 4.0.30319.269 built by: RTMGDR\n    CodeBase: file:///C:/Windows/Microsoft.Net/assembly/GAC_MSIL/System/v4.0_4.0.0.0__b77a5c561934e089/System.dll\n----------------------------------------\nSystem.Configuration\n    Assembly Version: 4.0.0.0\n    Win32 Version: 4.0.30319.1 (RTMRel.030319-0100)\n    CodeBase: file:///C:/Windows/Microsoft.Net/assembly/GAC_MSIL/System.Configuration/v4.0_4.0.0.0__b03f5f7f11d50a3a/System.Configuration.dll\n----------------------------------------\nSystem.Xml\n    Assembly Version: 4.0.0.0",
    "LastUpdatedDate": "2013-02-13T17:49:58.48-08:00",
    "PlannedForRelease": "",
    "ReleaseVisibleToPublic": false,
    "Priority": {
      "Name": "Low",
      "Severity": 50,
      "Id": 1
    },
    "ProjectName": "ExprTreeVisualizer",
    "ReportedDate": "2012-05-29T06:02:28.237-07:00",
    "Status": {
      "Name": "Proposed",
      "Id": 1
    },
    "ReasonClosed": {
      "Name": "Unassigned"
    },
    "Summary": "Exception in VS2010, Win7 64x",
    "Type": {
      "Name": "Issue",
      "Id": 3
    },
    "VoteCount": 1,
    "Id": 730
  },
  "FileAttachments": [],
  "Comments": [
    {
      "Message": "it is fixed if show properties and push unblock, like\r\nhttp://blogs.msdn.com/b/drew/archive/2009/12/24/xunit-and-td-net-fixing-the-attempt-was-made-to-load-an-assembly-from-a-network-location-problem.aspx",
      "PostedDate": "2012-05-29T06:10:08.52-07:00",
      "Id": -2147483648
    },
    {
      "Message": "",
      "PostedDate": "2013-02-13T17:49:58.48-08:00",
      "Id": -2147483648
    }
  ]
}