[
  {
    "Id": "0",
    "Name": "ExpressionTreeVisualizer 1.0",
    "DevelopmentStatus": "Stable",
    "Description": "In this release most useful expression types are handled and rest of them use a default visualization behavior.",
    "ReleasedDatge": "0001-01-01T00:00:00",
    "ModifiedDate": "2012-06-04T06:38:47.95-07:00",
    "Files": [
      {
        "Id": "8caae5f1-d100-4eb1-a86f-997ceb2eb7c2",
        "FileName": "ExpressionTreeViewer.dll",
        "Url": "./0/8caae5f1-d100-4eb1-a86f-997ceb2eb7c2",
        "Type": "Application",
        "UploadDate": "2012-06-04T06:38:44.543-07:00"
      }
    ]
  },
  {
    "Id": "1",
    "Name": "Expression Tree Visualizer Beta",
    "DevelopmentStatus": "Beta",
    "Description": "This is a beta release, in this release some expression types are not handled and use a default visualization behavior. The first release will be published soon. Wait for it...",
    "ReleasedDatge": "0001-01-01T00:00:00",
    "ModifiedDate": "2012-05-24T09:09:40.177-07:00",
    "Files": [
      {
        "Id": "07d8c1b9-f1b5-4e50-a861-797cdc60627f",
        "FileName": "ExpressionTreeViewer.dll",
        "Url": "./1/07d8c1b9-f1b5-4e50-a861-797cdc60627f",
        "Type": "Application",
        "UploadDate": "2012-05-24T09:09:39.77-07:00"
      }
    ]
  }
]